Compressive strength of cement fce (MPa),Tensile strength of cement fct (MPa),Curing age (day),Dmax of crushed stone (mm),Stone powder content in sand (%),Fineness modulus of sand,W/B,"Water to cement ratio, mw/mc",Water (kg/m3),Sand ratio (%),Slump (mm),"Compressive strength, fcu,t (MPa)","Splitting tensile  strength, fst,t (MPa)"
46.8,8,3,31.5,5,3.34,0.56,0.56,180,44,50,32.5,1.18
46.8,8,3,31.5,9,3.27,0.56,0.56,180,44,70,28.7,1.13
46.8,8,3,31.5,13,2.77,0.56,0.56,180,44,50,28.5,1.56
46.8,8,7,31.5,5,3.34,0.56,0.56,180,44,50,33.5,1.39
46.8,8,7,31.5,9,3.27,0.56,0.56,180,44,70,34.9,1.38
46.8,8,7,31.5,13,2.77,0.56,0.56,180,44,50,34.7,1.42
46.8,8,14,31.5,5,3.34,0.56,0.56,180,44,50,39.7,2.62
46.8,8,14,31.5,9,3.27,0.56,0.56,180,44,70,38.9,3.05
46.8,8,14,31.5,13,2.77,0.56,0.56,180,44,50,37,2.31
46.8,8,28,31.5,5,3.34,0.56,0.56,180,44,50,41.2,3.02
46.8,8,28,31.5,9,3.27,0.56,0.56,180,44,70,41.3,3.75
46.8,8,28,31.5,13,2.77,0.56,0.56,180,44,50,40.5,3.01
46.8,8,42,31.5,5,3.34,0.56,0.56,180,44,50,42,3.31
46.8,8,42,31.5,9,3.27,0.56,0.56,180,44,70,41.8,3.82
46.8,8,42,31.5,13,2.77,0.56,0.56,180,44,50,42.3,3.43
46.8,8,56,31.5,5,3.34,0.56,0.56,180,44,50,43.8,3.73
46.8,8,56,31.5,9,3.27,0.56,0.56,180,44,70,42.4,3.99
46.8,8,56,31.5,13,2.77,0.56,0.56,180,44,50,45,3.68
46.8,8,84,31.5,5,3.34,0.56,0.56,180,44,50,47.4,4.42
46.8,8,84,31.5,9,3.27,0.56,0.56,180,44,70,48.8,4.21
46.8,8,84,31.5,13,2.77,0.56,0.56,180,44,50,48,4.48
46.8,8,118,31.5,5,3.34,0.56,0.56,180,44,50,48.9,4.37
46.8,8,118,31.5,9,3.27,0.56,0.56,180,44,70,49.3,4.03
46.8,8,118,31.5,13,2.77,0.56,0.56,180,44,50,48.7,4.41
46.8,8,178,31.5,5,3.34,0.56,0.56,180,44,50,49.7,4.68
46.8,8,178,31.5,9,3.27,0.56,0.56,180,44,70,51.9,4.22
46.8,8,178,31.5,13,2.77,0.56,0.56,180,44,50,49.9,4.42
46.8,8,238,31.5,5,3.34,0.56,0.56,180,44,50,51.1,4.22
46.8,8,238,31.5,9,3.27,0.56,0.56,180,44,70,55.4,3.92
46.8,8,238,31.5,13,2.77,0.56,0.56,180,44,50,54.5,4.12
46.8,8,298,31.5,5,3.34,0.56,0.56,180,44,50,51.2,4.36
46.8,8,298,31.5,9,3.27,0.56,0.56,180,44,70,56.2,4.05
46.8,8,298,31.5,13,2.77,0.56,0.56,180,44,50,54.8,4.23
46.8,8,358,31.5,5,3.34,0.56,0.56,180,44,50,51.6,4.41
46.8,8,358,31.5,9,3.27,0.56,0.56,180,44,70,56.4,4.22
46.8,8,358,31.5,13,2.77,0.56,0.56,180,44,50,55.1,4.32
46.8,8,3,31.5,5,3.34,0.45,0.45,180,36,110,38.4,2.67
46.8,8,3,31.5,9,3.27,0.45,0.45,180,36,160,38,2.61
46.8,8,3,31.5,13,2.77,0.45,0.45,180,36,45,38.1,2.71
46.8,8,7,31.5,5,3.34,0.45,0.45,180,36,110,42.2,2.81
46.8,8,7,31.5,9,3.27,0.45,0.45,180,36,160,42.3,3.02
46.8,8,7,31.5,13,2.77,0.45,0.45,180,36,45,41.7,2.95
46.8,8,14,31.5,5,3.34,0.45,0.45,180,36,110,44.9,3.06
46.8,8,14,31.5,9,3.27,0.45,0.45,180,36,160,44.8,3.05
46.8,8,14,31.5,13,2.77,0.45,0.45,180,36,45,44.2,3.01
46.8,8,28,31.5,5,3.34,0.45,0.45,180,36,110,54.2,3.46
46.8,8,28,31.5,9,3.27,0.45,0.45,180,36,160,50.9,3.19
46.8,8,28,31.5,13,2.77,0.45,0.45,180,36,45,51.5,3.37
46.8,8,35,31.5,5,3.34,0.45,0.45,180,36,110,51.6,3.49
46.8,8,35,31.5,9,3.27,0.45,0.45,180,36,160,52.3,3.34
46.8,8,35,31.5,13,2.77,0.45,0.45,180,36,45,52.6,3.43
46.8,8,42,31.5,5,3.34,0.45,0.45,180,36,110,53.7,3.54
46.8,8,42,31.5,9,3.27,0.45,0.45,180,36,160,53.6,3.67
46.8,8,42,31.5,13,2.77,0.45,0.45,180,36,45,54,3.56
46.8,8,56,31.5,5,3.34,0.45,0.45,180,36,110,54.2,3.96
46.8,8,56,31.5,9,3.27,0.45,0.45,180,36,160,54.3,3.81
46.8,8,56,31.5,13,2.77,0.45,0.45,180,36,45,56,3.76
46.8,8,70,31.5,5,3.34,0.45,0.45,180,36,110,55.3,4.12
46.8,8,70,31.5,9,3.27,0.45,0.45,180,36,160,55,3.86
46.8,8,70,31.5,13,2.77,0.45,0.45,180,36,45,56.5,3.78
46.8,8,84,31.5,5,3.34,0.45,0.45,180,36,110,56.5,4.32
46.8,8,84,31.5,9,3.27,0.45,0.45,180,36,160,58.3,4.27
46.8,8,84,31.5,13,2.77,0.45,0.45,180,36,45,57,4.48
46.8,8,98,31.5,5,3.34,0.45,0.45,180,36,110,58,4.47
46.8,8,98,31.5,9,3.27,0.45,0.45,180,36,160,58.8,4.31
46.8,8,98,31.5,13,2.77,0.45,0.45,180,36,45,57.2,4.52
46.8,8,118,31.5,5,3.34,0.45,0.45,180,36,110,59.7,4.61
46.8,8,118,31.5,9,3.27,0.45,0.45,180,36,160,63.7,4.38
46.8,8,118,31.5,13,2.77,0.45,0.45,180,36,45,63,4.48
46.8,8,148,31.5,5,3.34,0.45,0.45,180,36,110,62.4,4.47
46.8,8,148,31.5,9,3.27,0.45,0.45,180,36,160,64.1,4.27
46.8,8,148,31.5,13,2.77,0.45,0.45,180,36,45,65,4.69
46.8,8,178,31.5,5,3.34,0.45,0.45,180,36,110,63.1,4.45
46.8,8,178,31.5,9,3.27,0.45,0.45,180,36,160,64.3,4.07
46.8,8,178,31.5,13,2.77,0.45,0.45,180,36,45,66.2,4.29
46.8,8,208,31.5,5,3.34,0.45,0.45,180,36,110,63.6,4.32
46.8,8,208,31.5,9,3.27,0.45,0.45,180,36,160,65.1,4.41
46.8,8,208,31.5,13,2.77,0.45,0.45,180,36,45,67,4.31
46.8,8,238,31.5,5,3.34,0.45,0.45,180,36,110,64.4,4.26
46.8,8,238,31.5,9,3.27,0.45,0.45,180,36,160,67.8,4.09
46.8,8,238,31.5,13,2.77,0.45,0.45,180,36,45,68.7,4.24
46.8,8,268,31.5,5,3.34,0.45,0.45,180,36,110,65.4,4.19
46.8,8,268,31.5,9,3.27,0.45,0.45,180,36,160,68.3,4.29
46.8,8,268,31.5,13,2.77,0.45,0.45,180,36,45,69.2,4.25
46.8,8,298,31.5,5,3.34,0.45,0.45,180,36,110,67.1,4.21
46.8,8,298,31.5,9,3.27,0.45,0.45,180,36,160,70.8,4.04
46.8,8,298,31.5,13,2.77,0.45,0.45,180,36,45,71.2,4.35
46.8,8,328,31.5,5,3.34,0.45,0.45,180,36,110,67.6,4.43
46.8,8,328,31.5,9,3.27,0.45,0.45,180,36,160,71.1,4.11
46.8,8,328,31.5,13,2.77,0.45,0.45,180,36,45,71.4,4.3
46.8,8,358,31.5,5,3.34,0.45,0.45,180,36,110,67.8,4.45
46.8,8,358,31.5,9,3.27,0.45,0.45,180,36,160,71.5,4.22
46.8,8,358,31.5,13,2.77,0.45,0.45,180,36,45,72,4.35
46.8,8,388,31.5,5,3.34,0.45,0.45,180,36,110,68.2,4.52
46.8,8,388,31.5,9,3.27,0.45,0.45,180,36,160,71.9,4.31
46.8,8,388,31.5,13,2.77,0.45,0.45,180,36,45,72.4,4.41
46.8,8,3,31.5,5,3.34,0.4,0.4,185,34,30,42.7,2.96
46.8,8,3,31.5,9,3.27,0.4,0.4,185,34,60,39.7,2.64
46.8,8,3,31.5,13,2.77,0.4,0.4,185,34,50,34,2.39
46.8,8,7,31.5,5,3.34,0.4,0.4,185,34,30,49.4,3.08
46.8,8,7,31.5,9,3.27,0.4,0.4,185,34,60,49.7,3.39
46.8,8,7,31.5,13,2.77,0.4,0.4,185,34,50,43.6,3.11
46.8,8,14,31.5,5,3.34,0.4,0.4,185,34,30,51.9,3.41
46.8,8,14,31.5,9,3.27,0.4,0.4,185,34,60,51.4,3.45
46.8,8,14,31.5,13,2.77,0.4,0.4,185,34,50,43.8,3.45
46.8,8,28,31.5,5,3.34,0.4,0.4,185,34,30,52.9,3.67
46.8,8,28,31.5,9,3.27,0.4,0.4,185,34,60,61.7,3.52
46.8,8,28,31.5,13,2.77,0.4,0.4,185,34,50,57.7,3.75
46.8,8,42,31.5,5,3.34,0.4,0.4,185,34,30,64,3.94
46.8,8,42,31.5,9,3.27,0.4,0.4,185,34,60,62.5,3.81
46.8,8,42,31.5,13,2.77,0.4,0.4,185,34,50,60.6,3.79
46.8,8,56,31.5,5,3.34,0.4,0.4,185,34,30,65,3.97
46.8,8,56,31.5,9,3.27,0.4,0.4,185,34,60,64,4.03
46.8,8,56,31.5,13,2.77,0.4,0.4,185,34,50,61.2,3.99
46.8,8,84,31.5,5,3.34,0.4,0.4,185,34,30,66.9,4.02
46.8,8,84,31.5,9,3.27,0.4,0.4,185,34,60,64.6,4.42
46.8,8,84,31.5,13,2.77,0.4,0.4,185,34,50,63,4.35
46.8,8,118,31.5,5,3.34,0.4,0.4,185,34,30,67.3,4.37
46.8,8,118,31.5,9,3.27,0.4,0.4,185,34,60,65,4.47
46.8,8,118,31.5,13,2.77,0.4,0.4,185,34,50,64,4.03
46.8,8,178,31.5,5,3.34,0.4,0.4,185,34,30,68,4.68
46.8,8,178,31.5,9,3.27,0.4,0.4,185,34,60,69.6,4.33
46.8,8,178,31.5,13,2.77,0.4,0.4,185,34,50,67.8,3.99
46.8,8,238,31.5,5,3.34,0.4,0.4,185,34,30,73,4.55
46.8,8,238,31.5,9,3.27,0.4,0.4,185,34,60,71,4.02
46.8,8,238,31.5,13,2.77,0.4,0.4,185,34,50,68,4.05
46.8,8,298,31.5,5,3.34,0.4,0.4,185,34,30,74.1,4.59
46.8,8,298,31.5,9,3.27,0.4,0.4,185,34,60,77.9,4.11
46.8,8,298,31.5,13,2.77,0.4,0.4,185,34,50,70.6,4.18
46.8,8,358,31.5,5,3.34,0.4,0.4,185,34,30,74.6,4.51
46.8,8,358,31.5,9,3.27,0.4,0.4,185,34,60,78.2,4.24
46.8,8,358,31.5,13,2.77,0.4,0.4,185,34,50,73.1,4.34
38.2,6.9,28,25,3,3.19,0.47,0.47,190,36,22,47.1,2.95
38.2,6.9,28,25,5,3.19,0.47,0.47,190,36,16,40.7,3.16
38.2,6.9,28,25,7,3.19,0.47,0.47,190,36,28,44.3,3.44
38.2,6.9,28,25,10,3.19,0.47,0.47,190,36,11,45.9,3.57
38.2,6.9,28,25,13,3.19,0.47,0.47,190,36,17,43.4,3.6
38.2,6.9,28,25,16,3.19,0.47,0.47,190,36,12,44.3,3.58
47.7,8.7,28,25,3,3.19,0.32,0.32,170,30,20,69.6,4
47.7,8.7,28,25,5,3.19,0.32,0.32,170,30,11,71.6,4.1
47.7,8.7,28,25,7,3.19,0.32,0.32,170,30,13,74.7,4.34
47.7,8.7,28,25,10,3.19,0.32,0.32,170,30,35,69.8,3.9
47.7,8.7,28,25,13,3.19,0.32,0.32,170,30,20,69.8,4.37
47.7,8.7,28,25,16,3.19,0.32,0.32,170,30,18,70.1,4.2
47.7,8.7,28,25,5,3.19,0.44,0.44,180,32,85,57,3.68
47.7,8.7,28,25,7,3.19,0.44,0.44,180,32,108,59.6,3.91
47.7,8.7,28,25,10,3.19,0.44,0.44,180,32,75,56.7,4.11
47.7,8.7,28,25,13,3.19,0.44,0.44,180,32,80,57,3.42
47.7,8.7,28,25,16,3.19,0.44,0.44,180,32,60,56.2,2.86
46.3,8.4,28,25,5,3.19,0.56,0.56,170,42,135,42.9,3.34
46.3,8.4,28,25,9,3.19,0.56,0.56,170,42,80,43.8,3.31
46.3,8.4,28,25,13,3.19,0.56,0.56,170,42,50,43.9,2.76
46.3,8.4,28,25,5,3.19,0.45,0.45,185,34,70,48.7,3.11
46.3,8.4,28,25,9,3.19,0.45,0.45,185,34,160,50.1,3.51
46.3,8.4,28,25,13,3.19,0.45,0.45,185,34,100,56.3,4.61
46.3,8.4,28,25,5,3.19,0.4,0.4,190,32,150,55.6,4.19
46.3,8.4,28,25,9,3.19,0.4,0.4,190,32,170,60.7,4.33
46.3,8.4,28,25,13,3.19,0.4,0.4,190,32,175,57.2,2.45
46.3,8.4,28,25,5,3.19,0.32,0.32,175,28,50,70.9,3.95
46.3,8.4,28,25,9,3.19,0.32,0.32,175,28,110,68.1,4.23
46.3,8.4,28,25,13,3.19,0.32,0.32,175,28,100,66.7,5.45
38.2,6.9,28,26.5,3,3.23,0.47,0.47,190,36,12,40.3,3.32
38.2,6.9,28,26.5,7,3.23,0.47,0.47,190,36,19,38.7,3.14
38.2,6.9,28,26.5,13,3.23,0.47,0.47,190,36,15,40.7,2.96
47.7,8.7,28,26.5,3,3.23,0.44,0.44,180,32,75,50.4,3.65
47.7,8.7,28,26.5,7,3.23,0.44,0.44,180,32,83,50.3,3.88
47.7,8.7,28,26.5,13,3.23,0.44,0.44,180,32,60,55.4,4.08
47.7,8.7,28,26.5,3,3.23,0.32,0.32,170,30,11,62.6,4.57
47.7,8.7,28,26.5,7,3.23,0.32,0.32,170,30,15,63.1,5.16
47.7,8.7,28,26.5,13,3.23,0.32,0.32,170,30,18,59.9,5.32
48.2,8.4,28,26.5,5,3.23,0.55,0.55,160,38,115,43.4,2.96
48.2,8.4,28,26.5,9,3.23,0.55,0.55,160,38,125,44.2,3.45
48.2,8.4,28,26.5,13,3.23,0.55,0.55,160,38,22,43.2,3.2
48.2,8.4,28,26.5,5,3.23,0.44,0.44,170,34,30,55,3.3
48.2,8.4,28,26.5,9,3.23,0.44,0.44,170,34,135,52.4,3.47
48.2,8.4,28,26.5,13,3.23,0.44,0.44,170,34,90,53.5,3.18
48.2,8.4,28,26.5,5,3.23,0.36,0.36,170,32,95,59.9,3.51
48.2,8.4,28,26.5,9,3.23,0.36,0.36,170,32,85,57.2,5.24
48.2,8.4,28,26.5,13,3.23,0.36,0.36,170,32,70,59.6,4.53
48.2,8.4,28,26.5,5,3.23,0.31,0.31,170,30,35,68.2,3.62
48.2,8.4,28,26.5,9,3.23,0.31,0.31,170,30,20,68.3,3.99
48.2,8.4,28,26.5,13,3.23,0.31,0.31,170,30,25,66,4.36
46.3,8.4,28,26.5,6.75,3.19,0.56,0.56,170,42,80.26760563,39.2,3.47
46.3,8.4,28,26.5,6.75,3.19,0.44,0.44,180,32,80.26760563,50.1,3.77
46.3,8.4,28,26.5,6.75,3.19,0.32,0.32,170,28,80.26760563,59.1,4.31
48.3,7.4,28,25,7.5,2.9,0.51,1.01,222,45,80.26760563,57,2.87
50.35049676,8.309271071,28,30,4.3,3,0.25,0.33,150,41,80.26760563,74.4,5.41
50.35049676,8.309271071,60,30,4.3,3,0.25,0.33,150,41,80.26760563,84.5,6.37
50.35049676,8.309271071,90,30,4.3,3,0.25,0.33,150,41,80.26760563,94.1,6.5
50.35049676,8.309271071,120,30,4.3,3,0.25,0.33,150,41,80.26760563,100.5,6.65
50.35049676,8.309271071,28,31.5,5.8,3.1,0.42,0.42,185,36,36,38.3,3.04
50.35049676,8.309271071,28,31.5,5.8,3.1,0.44,0.44,185,36,40,36.2,2.75
50.35049676,8.309271071,28,31.5,5.8,3.1,0.46,0.46,185,36,43,34.2,2.6
50.35049676,8.309271071,28,31.5,5.8,3.1,0.42,0.42,185,32,25,35.9,2.42
50.35049676,8.309271071,28,31.5,5.8,3.1,0.42,0.42,185,40,40,37.3,3.24
50.35049676,8.309271071,28,43.87039877,10.79956973,2.933439065,0.45,0.45,180,39,205,47.4,4.98
50.35049676,8.309271071,28,43.87039877,10.79956973,2.933439065,0.5,0.5,180,39,205,45.3,4.68
50.35049676,8.309271071,28,43.87039877,10.79956973,2.933439065,0.55,0.55,180,40,200,41.7,4.5
50.35049676,8.309271071,28,43.87039877,4.3,2.86,0.454859155,0.593051136,148.2546362,36.30361842,80.26760563,35.8,1.63
50.35049676,8.309271071,28,43.87039877,7.5,3.04,0.454859155,0.593051136,148.2546362,36.30361842,80.26760563,36.5,1.77
50.35049676,8.309271071,28,43.87039877,10.8,2.76,0.454859155,0.593051136,148.2546362,36.30361842,80.26760563,37.8,1.84
50.35049676,8.309271071,28,43.87039877,19.2,2.35,0.454859155,0.593051136,148.2546362,36.30361842,80.26760563,34.3,1.72
35.5,7.2,28,30,14.2,2.2,0.57,0.57,178,35,20,27.9,1.97
35.5,7.2,28,30,14.2,2.2,0.64,0.64,178,35,20,24.7,2.05
35.5,7.2,28,30,14.2,2.2,0.69,0.69,178,35,20,22.8,2.11
50.35049676,8.309271071,28,20,13,3.55,0.59,0.59,203,40,70,43.1,2.65
50.35049676,8.309271071,28,20,7.8,3.55,0.63,0.63,241,40,140,38.9,2.18
50.35049676,8.309271071,28,20,16.3,3.55,0.56,0.56,185,39,100,39,2.87
50.35049676,8.309271071,28,20,11.3,3.55,0.47,0.47,196,43,60,49,2.19
63.4,10.2,28,16,3,3.5,0.25,0.48,150,37,240,94.3,6.2
63.4,10.2,28,16,5,3.5,0.25,0.48,150,37,225,94.6,6.4
63.4,10.2,28,16,7,3.5,0.25,0.48,150,37,220,96.3,5.4
63.4,10.2,28,16,10,3.5,0.25,0.48,150,37,180,91,5.6
55.6,8.91,1,20,19.4,2.8,0.28,0.4,180,45,80.26760563,4.23,0.6
55.6,8.91,3,20,19.4,2.8,0.28,0.4,180,45,80.26760563,14.9,1.35
55.6,8.91,7,20,19.4,2.8,0.28,0.4,180,45,80.26760563,28.3,2.24
55.6,8.91,14,20,19.4,2.8,0.28,0.4,180,45,80.26760563,40.9,3.01
55.6,8.91,28,20,19.4,2.8,0.28,0.4,180,45,80.26760563,50.8,3.64
55.6,8.91,60,20,19.4,2.8,0.28,0.4,180,45,80.26760563,59.5,4.32
55.6,8.91,90,20,19.4,2.8,0.28,0.4,180,45,80.26760563,65.4,4.43
50.35049676,8.309271071,28,40,7.1,2.933439065,0.45,0.56,109,36,85,24.8,1.98
50.35049676,8.309271071,28,40,9.1,2.933439065,0.45,0.56,111,36,86,28.1,2.23
50.35049676,8.309271071,28,40,11.2,2.933439065,0.45,0.56,113,36,83,29.8,2.41
50.35049676,8.309271071,28,40,13.3,2.933439065,0.45,0.56,116,36,85,31.5,2.47
50.35049676,8.309271071,28,40,15.5,2.933439065,0.45,0.56,119,36,90,34,2.65
50.35049676,8.309271071,28,40,17.8,2.933439065,0.45,0.56,122,36,88,33.2,2.68
50.35049676,8.309271071,28,40,20,2.933439065,0.45,0.56,124,36,87,32.8,2.54
50.35049676,8.309271071,28,40,22.1,2.933439065,0.45,0.56,126,36,85,31.6,2.37
50.35049676,8.309271071,28,40,7.1,2.933439065,0.45,0.56,129,42,171,24.1,2.01
50.35049676,8.309271071,28,40,9.1,2.933439065,0.45,0.56,131,42,177,27.5,2.36
50.35049676,8.309271071,28,40,11.2,2.933439065,0.45,0.56,133,42,182,29,2.37
50.35049676,8.309271071,28,40,13.3,2.933439065,0.45,0.56,136,42,176,30.9,2.41
50.35049676,8.309271071,28,40,15.5,2.933439065,0.45,0.56,139,42,175,33.7,2.47
50.35049676,8.309271071,28,40,17.8,2.933439065,0.45,0.56,142,42,179,32.4,2.56
50.35049676,8.309271071,28,40,20,2.933439065,0.45,0.56,144,42,180,31.2,2.52
50.35049676,8.309271071,28,40,22.1,2.933439065,0.45,0.56,146,42,173,30.9,2.41
50.35049676,8.309271071,7,40,6,2.933439065,0.36,0.48,126,35,50,24.6,1.95
50.35049676,8.309271071,7,40,9,2.933439065,0.36,0.48,128,34,45,25.3,2.25
50.35049676,8.309271071,7,40,12,2.933439065,0.36,0.48,130,34,60,25,2.09
50.35049676,8.309271071,7,40,15,2.933439065,0.36,0.48,131,33,55,24.8,1.97
50.35049676,8.309271071,7,40,18,2.933439065,0.36,0.48,135,33,60,26.1,2.29
50.35049676,8.309271071,28,40,6,2.933439065,0.36,0.48,126,35,50,40.1,3.13
50.35049676,8.309271071,28,40,9,2.933439065,0.36,0.48,128,34,45,41.8,2.88
50.35049676,8.309271071,28,40,12,2.933439065,0.36,0.48,130,34,60,41.4,3.03
50.35049676,8.309271071,28,40,15,2.933439065,0.36,0.48,131,33,55,41.3,3.21
50.35049676,8.309271071,28,40,18,2.933439065,0.36,0.48,135,33,60,41.1,3.07
50.35049676,8.309271071,90,40,6,2.933439065,0.36,0.48,126,35,50,55.1,3.82
50.35049676,8.309271071,90,40,9,2.933439065,0.36,0.48,128,34,45,56.1,3.9
50.35049676,8.309271071,90,40,12,2.933439065,0.36,0.48,130,34,60,51,3.79
50.35049676,8.309271071,90,40,15,2.933439065,0.36,0.48,131,33,55,51.5,3.77
50.35049676,8.309271071,90,40,18,2.933439065,0.36,0.48,135,33,60,53.2,4.12
50.35049676,8.309271071,180,40,6,2.933439065,0.36,0.48,126,35,50,54.8,3.97
50.35049676,8.309271071,180,40,9,2.933439065,0.36,0.48,128,34,45,61.6,4.45
50.35049676,8.309271071,180,40,12,2.933439065,0.36,0.48,130,34,60,54.6,4.51
50.35049676,8.309271071,180,40,15,2.933439065,0.36,0.48,131,33,55,54.8,4.02
50.35049676,8.309271071,180,40,18,2.933439065,0.36,0.48,135,33,60,58.8,4.5
52.5,8.8,3,20,5.4,3.11,0.37,0.44,166,44,185,19,1.6
52.5,8.8,7,20,5.4,3.11,0.37,0.44,166,44,185,31.5,2.4
52.5,8.8,28,20,5.4,3.11,0.37,0.44,166,44,185,45.8,2.6
52.5,8.8,56,20,5.4,3.11,0.37,0.44,166,44,185,53,3.6
52.5,8.8,3,20,5.4,3.11,0.34,0.34,158,42,105,48.2,3.6
52.5,8.8,7,20,5.4,3.11,0.34,0.34,158,42,105,56.6,3.8
52.5,8.8,28,20,5.4,3.11,0.34,0.34,158,42,105,69.1,4
52.5,8.8,56,20,5.4,3.11,0.34,0.34,158,42,105,69.4,4.4
52.7,9,3,31.5,6.6,2.94,0.42,0.42,185,36,35,23.4,2.03
52.7,9,28,31.5,6.6,2.94,0.42,0.42,185,36,35,35.6,3.04
52.7,9,3,31.5,6.6,2.94,0.44,0.44,185,36,41,23.7,1.93
52.7,9,28,31.5,6.6,2.94,0.44,0.44,185,36,41,32.2,2.74
52.7,9,3,31.5,6.6,2.94,0.46,0.46,185,36,42,22.5,2.09
52.7,9,28,31.5,6.6,2.94,0.46,0.46,185,36,42,34.2,2.59
52.7,9,3,31.5,6.6,2.94,0.42,0.42,185,32,25,23.6,1.69
52.7,9,28,31.5,6.6,2.94,0.42,0.42,185,32,25,35.8,2.43
52.7,9,3,31.5,6.6,2.94,0.44,0.44,185,34,33,25.2,1.52
52.7,9,28,31.5,6.6,2.94,0.44,0.44,185,34,33,38.3,2.6
52.7,9,3,31.5,6.6,2.94,0.46,0.46,185,36,40,23.3,1.8
52.7,9,28,31.5,6.6,2.94,0.46,0.46,185,36,40,37.2,3.24
43.7,7.5,3,25,0.4,2.3,0.3,0.425,153,41,220,46.3,3.04
43.7,7.5,7,25,0.4,2.3,0.3,0.425,153,41,220,58.5,3.53
43.7,7.5,28,25,0.4,2.3,0.3,0.425,153,41,220,72.7,4.15
43.7,7.5,60,25,0.4,2.3,0.3,0.425,153,41,220,76.8,4.59
43.7,7.5,90,25,0.4,2.3,0.3,0.425,153,41,220,80.8,4.82
43.7,7.5,120,25,0.4,2.3,0.3,0.425,153,41,220,83.8,5.03
43.7,7.5,180,25,0.4,2.3,0.3,0.425,153,41,220,84.6,5.07
43.7,7.5,365,25,0.4,2.3,0.3,0.425,153,41,220,87.2,5.14
43.7,7.5,3,25,2.3,3.1,0.3,0.428,152,38,210,46.2,3.19
43.7,7.5,7,25,2.3,3.1,0.3,0.428,152,38,210,56.9,3.58
43.7,7.5,28,25,2.3,3.1,0.3,0.428,152,38,210,74.5,4.36
43.7,7.5,60,25,2.3,3.1,0.3,0.428,152,38,210,79.3,4.65
43.7,7.5,90,25,2.3,3.1,0.3,0.428,152,38,210,81.3,4.89
43.7,7.5,120,25,2.3,3.1,0.3,0.428,152,38,210,82.6,4.99
43.7,7.5,180,25,2.3,3.1,0.3,0.428,152,38,210,83.5,5.05
43.7,7.5,365,25,2.3,3.1,0.3,0.428,152,38,210,85.2,5.17
43.7,7.5,3,25,10.79956973,3.1,0.3,0.428,152,38,215,48.5,3.24
43.7,7.5,7,25,10.79956973,3.1,0.3,0.428,152,38,215,60.4,3.8
43.7,7.5,28,25,10.79956973,3.1,0.3,0.428,152,38,215,75.9,4.49
43.7,7.5,60,25,10.79956973,3.1,0.3,0.428,152,38,215,82.1,4.78
43.7,7.5,90,25,10.79956973,3.1,0.3,0.428,152,38,215,84.2,4.92
43.7,7.5,120,25,10.79956973,3.1,0.3,0.428,152,38,215,86.1,5.05
43.7,7.5,180,25,10.79956973,3.1,0.3,0.428,152,38,215,88.6,5.18
43.7,7.5,365,25,10.79956973,3.1,0.3,0.428,152,38,215,90.7,5.39
43.7,7.5,3,25,6.3,3.1,0.3,0.428,152,38,202,50.7,3.42
43.7,7.5,7,25,6.3,3.1,0.3,0.428,152,38,202,61,3.9
43.7,7.5,28,25,6.3,3.1,0.3,0.428,152,38,202,79.5,4.73
43.7,7.5,60,25,6.3,3.1,0.3,0.428,152,38,202,85.4,5.05
43.7,7.5,90,25,6.3,3.1,0.3,0.428,152,38,202,87.3,5.18
43.7,7.5,120,25,6.3,3.1,0.3,0.428,152,38,202,88.5,5.24
43.7,7.5,180,25,6.3,3.1,0.3,0.428,152,38,202,90.2,5.32
43.7,7.5,365,25,6.3,3.1,0.3,0.428,152,38,202,92.2,5.48
43.7,7.5,3,25,10.79956973,3.1,0.3,0.3,152,38,205,58.7,3.54
43.7,7.5,7,25,10.79956973,3.1,0.3,0.3,152,38,205,66.7,3.98
43.7,7.5,28,25,10.79956973,3.1,0.3,0.3,152,38,205,78.8,4.61
43.7,7.5,60,25,10.79956973,3.1,0.3,0.3,152,38,205,84.1,4.97
43.7,7.5,90,25,10.79956973,3.1,0.3,0.3,152,38,205,86.2,5.15
43.7,7.5,120,25,10.79956973,3.1,0.3,0.3,152,38,205,86.9,5.19
43.7,7.5,180,25,10.79956973,3.1,0.3,0.3,152,38,205,87.1,5.22
43.7,7.5,365,25,10.79956973,3.1,0.3,0.3,152,38,205,88.1,5.23
43.7,7.5,3,25,10.79956973,3.1,0.32,0.457,152,39,208,44,3.16
43.7,7.5,7,25,10.79956973,3.1,0.32,0.457,152,39,208,56.1,3.54
43.7,7.5,28,25,10.79956973,3.1,0.32,0.457,152,39,208,70.7,4.32
43.7,7.5,60,25,10.79956973,3.1,0.32,0.457,152,39,208,78.7,4.76
43.7,7.5,90,25,10.79956973,3.1,0.32,0.457,152,39,208,82.5,4.96
43.7,7.5,120,25,10.79956973,3.1,0.32,0.457,152,39,208,85.7,5.11
43.7,7.5,180,25,10.79956973,3.1,0.32,0.457,152,39,208,88.2,5.25
43.7,7.5,365,25,10.79956973,3.1,0.32,0.457,152,39,208,92,5.4
55.8,10.8,7,43.87039877,4.2,2.8,0.24,0.3,135,34,180,76.7,6
55.8,10.8,28,43.87039877,4.2,2.8,0.24,0.3,135,34,180,93.5,6.7
55.8,10.8,7,43.87039877,9.69,2.74,0.24,0.3,135,34,180,84.4,5.8
55.8,10.8,28,43.87039877,9.69,2.74,0.24,0.3,135,34,180,95.3,6.9
55.8,10.8,7,43.87039877,4.2,2.8,0.24,0.3,135,34,180,78.1,5.5
55.8,10.8,28,43.87039877,4.2,2.8,0.24,0.3,135,34,180,90.2,6.2
55.8,10.8,7,43.87039877,4.2,2.8,0.24,0.3,135,34,180,82.4,5.8
55.8,10.8,28,43.87039877,4.2,2.8,0.24,0.3,135,34,180,90.6,6.4
55.8,10.8,7,43.87039877,9.69,2.74,0.24,0.3,135,34,180,83.1,5.9
55.8,10.8,28,43.87039877,9.69,2.74,0.24,0.3,135,34,180,89.4,6.7
55.2,8.9,28,25,0.8,2.85,0.33,0.47,176,41.7,240,67.3,4.35
55.2,8.9,28,25,0.8,2.85,0.33,0.47,168,38.8,220,67.4,4.38
55.2,8.9,28,25,0.8,2.85,0.33,0.47,160,36.1,190,68,4.48
55.2,8.9,28,25,0.8,2.85,0.33,0.47,153,33.5,30,69.1,4.52
55.2,8.9,28,25,0.8,2.85,0.33,0.47,166,35,203,68,4.42
55.2,8.9,28,25,0.8,2.85,0.33,0.47,160,36,190,68,4.48
55.2,8.9,28,25,0.8,2.85,0.33,0.47,155,37,130,69.3,4.5
55.2,8.9,28,25,0.8,2.85,0.33,0.47,149,38,60,73.5,4.55
55.2,8.9,28,25,0.8,2.85,0.33,0.47,144,39,25,68.8,4.32
55.2,8.9,28,25,0.8,2.85,0.33,0.47,153,33.5,140,69.1,4.52
55.2,8.9,28,25,0.8,2.85,0.33,0.47,147,34.5,130,69.2,4.53
55.2,8.9,28,25,0.8,2.85,0.33,0.47,145,35,115,70.8,4.55
55.2,8.9,28,25,0.8,2.85,0.33,0.47,142,35.5,105,71.9,4.58
55.2,8.9,28,25,0.8,2.85,0.33,0.47,139,36,85,70.3,4.43
55.2,8.9,28,25,0.8,2.85,0.45,0.47,173,38,260,46.3,3.25
55.2,8.9,28,25,0.8,2.85,0.4,0.47,164,38,240,55,3.56
55.2,8.9,28,25,0.8,2.85,0.35,0.47,154,38,160,66.5,3.85
55.2,8.9,28,25,0.8,2.85,0.33,0.47,149,38,60,73.5,4.55
55.2,8.9,28,25,0.8,2.85,0.32,0.47,147,38,40,74.3,4.6
55.2,8.9,28,25,0.8,2.85,0.3,0.47,142,38,80,82.5,4.65
55.2,8.9,28,25,0.8,2.85,0.25,0.47,128,38,30,70.8,4.28
55.2,8.9,28,25,0.8,2.85,0.3,0.43,120,38,50,78,4.35
55.2,8.9,28,25,0.8,2.85,0.3,0.43,142,38,50,82.5,4.65
55.2,8.9,28,25,0.8,2.85,0.3,0.43,163,38,50,76.5,4.25
55.2,8.9,28,25,0.8,2.85,0.3,0.43,184,38,50,76,4.19
55.2,8.9,28,25,0.8,2.85,0.3,0.43,206,38,50,74.2,4.14
55.2,8.9,28,25,0.8,2.85,0.3,0.43,248,38,50,74,4.13
55.2,8.9,28,25,0.8,2.85,0.3,0.43,291,38,50,74,4.12
50.35049676,8.309271071,28,20,10.79956973,3,0.44,0.51,205,39,195,52.03,3.3
50.35049676,8.309271071,28,20,10.79956973,3,0.39,0.47,205,38,195,60.14,3.7
50.35049676,8.309271071,28,20,10.79956973,3,0.33,0.41,170,38,225,80.37,4.4
50.35049676,8.309271071,28,20,10.79956973,3,0.26,0.4,175,37,230,89.24,4.6
52.6,9.4,7,25,0,3.1,0.55,0.55,180,42,120,24.3,1.28
52.6,9.4,28,25,0,3.1,0.55,0.55,180,42,120,34.6,1.68
52.6,9.4,7,25,3,3.1,0.55,0.55,180,42,140,24.8,1.34
52.6,9.4,28,25,3,3.1,0.55,0.55,180,42,140,34.9,1.8
52.6,9.4,7,25,5,3.1,0.55,0.55,180,42,150,25.9,1.34
52.6,9.4,28,25,5,3.1,0.55,0.55,180,42,150,35.9,1.82
52.6,9.4,7,25,7,3.1,0.55,0.55,180,42,175,25.5,1.48
52.6,9.4,28,25,7,3.1,0.55,0.55,180,42,175,36.4,1.96
52.6,9.4,7,25,10,3.1,0.55,0.55,180,42,180,26.3,1.64
52.6,9.4,28,25,10,3.1,0.55,0.55,180,42,180,37.9,2.15
52.6,9.4,7,25,15,3.1,0.55,0.55,180,42,190,27.4,1.72
52.6,9.4,28,25,15,3.1,0.55,0.55,180,42,190,38.2,2.19
52.6,9.4,7,25,20,3.1,0.55,0.55,180,42,160,25.7,1.81
52.6,9.4,28,25,20,3.1,0.55,0.55,180,42,160,36.5,2.17
50.35049676,8.309271071,3,20,3,3.3,0.3,0.38,166,48,210,48.9,3.35
50.35049676,8.309271071,7,20,3,3.3,0.3,0.38,166,48,210,64.1,5.36
50.35049676,8.309271071,28,20,3,3.3,0.3,0.38,166,48,210,80.2,5.75
50.35049676,8.309271071,3,20,7,3.3,0.3,0.38,166,48,210,49,3.07
50.35049676,8.309271071,7,20,7,3.3,0.3,0.38,166,48,210,66.3,5.65
50.35049676,8.309271071,28,20,7,3.3,0.3,0.38,166,48,210,80.1,6.01
50.35049676,8.309271071,3,20,10,3.3,0.3,0.38,166,48,220,48.2,2.97
50.35049676,8.309271071,7,20,10,3.3,0.3,0.38,166,48,220,61.7,5.33
50.35049676,8.309271071,28,20,10,3.3,0.3,0.38,166,48,220,75.3,5.85
50.35049676,8.309271071,28,43.87039877,10.79956973,2.933439065,0.44,0.44,148.2546362,30,80.26760563,51.2,3.78
50.35049676,8.309271071,28,43.87039877,10.79956973,2.933439065,0.44,0.44,148.2546362,30,80.26760563,54,3.96
44.5,7.8,28,25,4.2,2.6,0.54,0.54,185,38,40,28.8,2.73
44.5,7.8,28,25,4.2,2.6,0.45,0.45,185,38,45,35,3.31
44.5,7.8,28,25,4.2,2.6,0.4,0.4,190,38,45,39.8,3.72
50.35049676,8.309271071,28,80,18,2.8,0.46,0.46,135,27,80.26760563,28.9,1.98
50.35049676,8.309271071,28,80,16.8,2.8,0.46,0.46,160,32,80.26760563,33.3,2.42
50.35049676,8.309271071,28,80,21.7,2.8,0.46,0.46,160,32,80.26760563,30.2,2.26
50.35049676,8.309271071,28,80,21.8,2.8,0.48,0.48,150,34,80.26760563,30,2.15
50.35049676,8.309271071,28,80,21.8,2.8,0.48,0.48,130,28,80.26760563,28,1.98
50.35049676,8.309271071,28,80,16.7,2.8,0.48,0.48,130,28,80.26760563,25.3,1.89
50.35049676,8.309271071,28,80,18,2.8,0.53,0.53,130,29,80.26760563,24.9,1.84
50.35049676,8.309271071,28,80,18.2,2.8,0.53,0.53,130,29,80.26760563,22.5,1.7
50.35049676,8.309271071,28,80,17.4,2.8,0.53,0.53,130,29,80.26760563,26.7,1.84
50.35049676,8.309271071,28,80,17.5,2.8,0.58,0.58,134,29,80.26760563,24.4,1.7
50.35049676,8.309271071,28,80,16.8,2.8,0.58,0.58,134,29,80.26760563,29.6,2.25
50.35049676,8.309271071,28,80,20,2.8,0.58,0.58,134,29,80.26760563,21.3,1.7
50.35049676,8.309271071,28,80,18.2,2.8,0.63,0.63,133,30,80.26760563,20,1.59
50.35049676,8.309271071,28,80,18.2,2.8,0.63,0.63,138,30,80.26760563,19,1.36
50.35049676,8.309271071,28,80,20,2.8,0.63,0.63,133,31,80.26760563,18.2,1.42
50.35049676,8.309271071,28,20,12.1,3.1,0.5,0.5,148.2546362,36.30361842,72,26.5,2.69
50.35049676,8.309271071,28,20,15,3.1,0.5,0.5,148.2546362,36.30361842,57,31.8,2.91
50.35049676,8.309271071,28,20,18,3.1,0.5,0.5,148.2546362,36.30361842,60,30.9,2.83
50.35049676,8.309271071,28,20,21,3.1,0.5,0.5,148.2546362,36.30361842,58,30.8,2.69
50.35049676,8.309271071,28,43.87039877,13.8,2.6,0.5,0.5,148.2546362,36.30361842,60,22.3,2.26
50.35049676,8.309271071,28,43.87039877,20.8,2.9,0.5,0.5,148.2546362,36.30361842,60,28.4,2.42
50.35049676,8.309271071,28,43.87039877,25.9,3.3,0.5,0.5,148.2546362,36.30361842,58,26.5,2.36
50.35049676,8.309271071,28,40,5,2.933439065,0.5,0.5,187,36.30361842,80.26760563,27.5,2.31
50.35049676,8.309271071,28,40,10,2.933439065,0.5,0.5,188,36.30361842,80.26760563,28.1,2.42
50.35049676,8.309271071,28,40,15,2.933439065,0.5,0.5,189,36.30361842,80.26760563,29.2,2.39
50.35049676,8.309271071,28,40,20,2.933439065,0.5,0.5,190,36.30361842,80.26760563,28.7,2.54
50.35049676,8.309271071,28,40,25,2.933439065,0.5,0.5,191,36.30361842,80.26760563,29.8,2.36
50.35049676,8.309271071,28,40,5,2.933439065,0.6,0.6,183,36.30361842,80.26760563,24.2,2
50.35049676,8.309271071,28,40,10,2.933439065,0.6,0.6,184,36.30361842,80.26760563,25.1,2.04
50.35049676,8.309271071,28,40,15,2.933439065,0.6,0.6,185,36.30361842,80.26760563,26.6,2.31
50.35049676,8.309271071,28,40,20,2.933439065,0.6,0.6,186,36.30361842,80.26760563,23.5,2.17
50.35049676,8.309271071,28,40,25,2.933439065,0.6,0.6,187,36.30361842,80.26760563,23.1,1.99
50.35049676,8.309271071,28,80,5,2.933439065,0.5,0.5,150,36.30361842,80.26760563,29,2.5
50.35049676,8.309271071,28,80,10,2.933439065,0.5,0.5,151,36.30361842,80.26760563,31.2,2.64
50.35049676,8.309271071,28,80,15,2.933439065,0.5,0.5,152,36.30361842,80.26760563,34.8,2.76
50.35049676,8.309271071,28,80,20,2.933439065,0.5,0.5,153,36.30361842,80.26760563,33.5,2.57
50.35049676,8.309271071,28,80,25,2.933439065,0.5,0.5,154,36.30361842,80.26760563,32.9,2.49
50.35049676,8.309271071,28,80,5,2.933439065,0.7,0.7,151,36.30361842,80.26760563,21.6,1.87
50.35049676,8.309271071,28,80,10,2.933439065,0.7,0.7,151,36.30361842,80.26760563,23.3,2.09
50.35049676,8.309271071,28,80,15,2.933439065,0.7,0.7,152,36.30361842,80.26760563,26.3,2.09
50.35049676,8.309271071,28,80,20,2.933439065,0.7,0.7,152,36.30361842,80.26760563,23.5,1.74
50.35049676,8.309271071,28,80,25,2.933439065,0.7,0.7,154,36.30361842,80.26760563,22.5,1.7
44.8,7.9,7,31.5,5,2.6,0.5,0.5,180,42,200,25.9,1.38
44.8,7.9,28,31.5,5,2.6,0.5,0.5,180,42,200,35.9,1.82
44.8,7.9,7,31.5,10,2.6,0.5,0.5,180,42,200,25.5,1.64
44.8,7.9,28,31.5,10,2.6,0.5,0.5,180,42,200,35.9,2.15
44.8,7.9,7,31.5,15,2.6,0.5,0.5,180,42,210,25.4,1.72
44.8,7.9,28,31.5,15,2.6,0.5,0.5,180,42,210,35.9,2.19
44.8,7.9,7,31.5,20,2.6,0.5,0.5,180,42,220,24.7,2.01
44.8,7.9,28,31.5,20,2.6,0.5,0.5,180,42,220,35.5,2.17
47.6,8.5,7,40,6,3.2,0.55,0.55,175,42,100,27.3,1.6
47.6,8.5,7,40,12,3.2,0.55,0.55,175,41,85,30.1,1.7
47.6,8.5,7,40,18,3.2,0.55,0.55,175,40,75,31.7,2
47.6,8.5,28,40,6,3.2,0.55,0.55,175,42,100,33.3,2.1
47.6,8.5,28,40,12,3.2,0.55,0.55,175,41,85,36.3,2.4
47.6,8.5,28,40,18,3.2,0.55,0.55,175,40,75,38,2.6
51.7,9.1,28,25,6,3.2,0.38,0.38,179,35,180,61.3,4.25
51.7,9.1,28,25,9,3.2,0.38,0.38,179,35,180,62.7,4.34
51.7,9.1,28,25,12,3.2,0.38,0.38,179,35,180,60.8,4.01
51.7,9.1,28,25,12,3.2,0.38,0.38,179,35,140,60.6,4.29
51.7,9.1,28,25,12,3.2,0.38,0.38,179,35,155,62.4,4.17
60.8,8.5,28,80,10.79956973,2.67,0.38,0.38,114,26,80.26760563,39.8,2.71
60.8,8.5,28,80,10.79956973,2.67,0.38,0.38,114,26,80.26760563,34.3,2.92
47.7,7.9,28,80,10.79956973,2.67,0.62,0.77,120,30,80.26760563,17.9,1.22
47.7,7.9,28,80,10.79956973,2.67,0.62,0.77,120,30,80.26760563,18.6,1.8
47.7,7.9,28,80,10.79956973,2.67,0.62,0.77,120,30,80.26760563,20.6,1.94
47.7,7.9,28,80,10.79956973,2.67,0.62,0.77,120,30,80.26760563,18.2,1.8
47.7,7.9,28,80,10.79956973,2.67,0.62,0.77,120,30,80.26760563,23.7,1.83
50.35049676,8.309271071,28,80,12,2.88,0.5,0.625,110,26,61,32.5,2.88
50.35049676,8.309271071,28,80,16,2.73,0.5,0.625,110,26,51,35.8,2.73
50.35049676,8.309271071,28,80,16,2.73,0.5,0.625,110,28,52,30.2,2.4
50.35049676,8.309271071,28,80,21,2.54,0.4,0.5,110,24,56,39.6,2.74
50.35049676,8.309271071,28,80,21,2.54,0.5,0.625,110,26,58,30.7,2.47
50.35049676,8.309271071,28,80,21,2.54,0.6,0.75,110,28,53,36.5,2.14
50.35049676,8.309271071,7,43.87039877,0,2.933439065,0.4,0.4,190,30,9,37.2,2.45
50.35049676,8.309271071,7,43.87039877,10,2.933439065,0.4,0.4,190,30,9,29.6,2.69
50.35049676,8.309271071,7,43.87039877,20,2.933439065,0.4,0.4,190,30,9,38.4,2.4
50.35049676,8.309271071,7,43.87039877,30,2.933439065,0.4,0.4,190,30,9,41.1,2.78
50.35049676,8.309271071,7,43.87039877,40,2.933439065,0.4,0.4,190,30,9,42.5,3.07
50.35049676,8.309271071,7,43.87039877,0,2.933439065,0.7,0.7,190,34,9,16.4,1.13
50.35049676,8.309271071,7,43.87039877,10,2.933439065,0.7,0.7,190,34,9,17.9,1.36
50.35049676,8.309271071,7,43.87039877,20,2.933439065,0.7,0.7,190,34,9,16.3,1.08
50.35049676,8.309271071,7,43.87039877,30,2.933439065,0.7,0.7,190,34,9,19.7,1.47
50.35049676,8.309271071,7,43.87039877,40,2.933439065,0.7,0.7,190,34,9,21,1.38
50.35049676,8.309271071,7,43.87039877,0,2.933439065,1,1,190,42,9,7.9,0.62
50.35049676,8.309271071,7,43.87039877,10,2.933439065,1,1,190,42,9,9.5,0.71
50.35049676,8.309271071,7,43.87039877,20,2.933439065,1,1,190,42,9,10.5,0.8
50.35049676,8.309271071,7,43.87039877,30,2.933439065,1,1,190,42,9,12.4,0.99
50.35049676,8.309271071,7,43.87039877,40,2.933439065,1,1,190,42,9,13.1,1.11
50.35049676,8.309271071,28,43.87039877,0,2.933439065,0.4,0.4,190,30,9,46.4,2.88
50.35049676,8.309271071,28,43.87039877,10,2.933439065,0.4,0.4,190,30,9,48.1,3.01
50.35049676,8.309271071,28,43.87039877,20,2.933439065,0.4,0.4,190,30,9,50.5,3.23
50.35049676,8.309271071,28,43.87039877,30,2.933439065,0.4,0.4,190,30,9,50.1,2.9
50.35049676,8.309271071,28,43.87039877,40,2.933439065,0.4,0.4,190,30,9,51.6,3.15
50.35049676,8.309271071,28,43.87039877,0,2.933439065,0.7,0.7,190,34,9,23.8,1.82
50.35049676,8.309271071,28,43.87039877,10,2.933439065,0.7,0.7,190,34,9,24.4,1.9
50.35049676,8.309271071,28,43.87039877,20,2.933439065,0.7,0.7,190,34,9,27.7,1.62
50.35049676,8.309271071,28,43.87039877,30,2.933439065,0.7,0.7,190,34,9,25.7,1.86
50.35049676,8.309271071,28,43.87039877,40,2.933439065,0.7,0.7,190,34,9,26.7,1.58
50.35049676,8.309271071,28,43.87039877,0,2.933439065,1,1,190,42,9,14.1,0.98
50.35049676,8.309271071,28,43.87039877,10,2.933439065,1,1,190,42,9,13,1.18
50.35049676,8.309271071,28,43.87039877,20,2.933439065,1,1,190,42,9,14.2,1.23
50.35049676,8.309271071,28,43.87039877,30,2.933439065,1,1,190,42,9,17.2,1.33
50.35049676,8.309271071,28,43.87039877,40,2.933439065,1,1,190,42,9,17.3,1.39
50.35049676,8.309271071,7,80,15,2.8,0.5,0.66,104,30,44,20.4,1.61
50.35049676,8.309271071,7,80,15,2.8,0.5,0.66,108,30,49,19.9,1.57
50.35049676,8.309271071,7,80,15,2.8,0.5,0.66,110,30,36,19.2,1.53
50.35049676,8.309271071,7,80,15,2.8,0.5,0.66,114,30,45,18.4,1.5
50.35049676,8.309271071,7,80,15,2.8,0.5,0.66,115,30,40,18.4,1.5
50.35049676,8.309271071,28,80,15,2.8,0.5,0.66,104,30,44,29.7,3.04
50.35049676,8.309271071,28,80,15,2.8,0.5,0.66,108,30,49,29.7,3.02
50.35049676,8.309271071,28,80,15,2.8,0.5,0.66,110,30,36,28.5,2.91
50.35049676,8.309271071,28,80,15,2.8,0.5,0.66,114,30,45,27.4,2.84
50.35049676,8.309271071,28,80,15,2.8,0.5,0.66,115,30,40,27.1,2.75
50.35049676,8.309271071,90,80,15,2.8,0.5,0.66,104,30,44,40.9,3.43
50.35049676,8.309271071,90,80,15,2.8,0.5,0.66,108,30,49,40.2,3.37
50.35049676,8.309271071,90,80,15,2.8,0.5,0.66,110,30,36,39.4,3.26
50.35049676,8.309271071,90,80,15,2.8,0.5,0.66,114,30,45,38.3,3.19
50.35049676,8.309271071,90,80,15,2.8,0.5,0.66,115,30,40,37.5,3.15
50.35049676,8.309271071,28,43.87039877,24,2.7,0.57,0.57,192,35,86,21.8,2.41
50.35049676,8.309271071,28,43.87039877,24,2.7,0.43,0.43,193,32,80,39.7,3.68
50.35049676,8.309271071,7,120,11.2,2.44,0.55,0.92,83.5,26.5,55,8.1,0.56
50.35049676,8.309271071,7,120,11.2,2.44,0.55,0.92,83.5,26.5,42,9.7,0.68
50.35049676,8.309271071,7,120,11.2,2.44,0.55,0.92,83.5,27,55,9.9,0.72
50.35049676,8.309271071,7,120,11.2,2.44,0.55,0.92,83.5,27,49,10.7,0.8
50.35049676,8.309271071,7,120,11.2,2.44,0.45,0.64,98,29.5,60,15.2,1.2
50.35049676,8.309271071,7,120,11.2,2.44,0.45,0.64,98,29.5,46,16.7,1.21
50.35049676,8.309271071,7,120,11.2,2.44,0.45,0.64,98,30,54,19.2,1.38
50.35049676,8.309271071,7,120,11.2,2.44,0.45,0.64,98,30,51,19.6,1.31
50.35049676,8.309271071,28,120,11.2,2.44,0.55,0.92,83.5,26.5,55,12.6,0.95
50.35049676,8.309271071,28,120,11.2,2.44,0.55,0.92,83.5,26.5,42,14.7,1.12
50.35049676,8.309271071,28,120,11.2,2.44,0.55,0.92,83.5,27,55,16.4,1.39
50.35049676,8.309271071,28,120,11.2,2.44,0.55,0.92,83.5,27,49,16.6,1.41
50.35049676,8.309271071,28,80,11.2,2.44,0.45,0.64,98,29.5,60,23.5,1.73
50.35049676,8.309271071,28,80,11.2,2.44,0.45,0.64,98,29.5,46,26.7,1.78
50.35049676,8.309271071,28,80,11.2,2.44,0.45,0.64,98,30,54,28.3,1.88
50.35049676,8.309271071,28,80,11.2,2.44,0.45,0.64,98,30,51,31.1,2.08
50.35049676,8.309271071,90,120,11.2,2.44,0.55,0.92,83.5,26.5,55,21.1,1.51
50.35049676,8.309271071,90,120,11.2,2.44,0.55,0.92,83.5,26.5,42,24.2,1.65
50.35049676,8.309271071,90,120,11.2,2.44,0.55,0.92,83.5,27,55,26.8,1.76
50.35049676,8.309271071,90,120,11.2,2.44,0.55,0.92,83.5,27,49,26.1,2.11
50.35049676,8.309271071,90,120,11.2,2.44,0.45,0.64,98,29.5,60,36.7,2.45
50.35049676,8.309271071,90,120,11.2,2.44,0.45,0.64,98,29.5,46,37,2.44
50.35049676,8.309271071,90,120,11.2,2.44,0.45,0.64,98,30,54,40.4,2.65
50.35049676,8.309271071,90,120,11.2,2.44,0.45,0.64,98,30,51,41.1,2.9
50.35049676,8.309271071,7,43.87039877,11.2,2.44,0.45,0.64,87,27,57,18.6,1.43
50.35049676,8.309271071,7,43.87039877,11.2,2.44,0.45,0.64,87,26,47,12.9,1.03
50.35049676,8.309271071,7,43.87039877,11.2,2.44,0.5,0.83,87,28,52,13.3,0.98
50.35049676,8.309271071,7,43.87039877,11.2,2.44,0.5,0.83,87,27,42,9.6,0.71
50.35049676,8.309271071,7,40,13,2.68,0.5,0.83,89,36,9,15.5,0.79
50.35049676,8.309271071,7,40,13,2.68,0.5,1,88,36,9,11.9,0.72
50.35049676,8.309271071,7,40,13,2.68,0.5,1.11,88,36,9,9.3,0.61
50.35049676,8.309271071,7,40,11.2,2.44,0.5,0.83,103,36,9,11.6,0.9
50.35049676,8.309271071,7,40,11.2,2.44,0.5,1,102,36,9,9.2,0.72
50.35049676,8.309271071,7,40,11.2,2.44,0.5,1.11,102,36,9,7.8,0.65
50.35049676,8.309271071,28,43.87039877,11.2,2.44,0.45,0.64,87,27,57,29.8,2.23
50.35049676,8.309271071,28,43.87039877,11.2,2.44,0.45,0.64,87,26,47,22.3,1.56
50.35049676,8.309271071,28,43.87039877,11.2,2.44,0.5,0.83,87,28,52,23.5,1.73
50.35049676,8.309271071,28,43.87039877,11.2,2.44,0.5,0.83,87,27,42,18,1.46
50.35049676,8.309271071,28,40,13,2.68,0.5,0.83,89,36,9,23.6,2.04
50.35049676,8.309271071,28,40,13,2.68,0.5,1,88,36,9,21.5,1.8
50.35049676,8.309271071,28,40,13,2.68,0.5,1.11,88,36,9,19.9,1.62
50.35049676,8.309271071,28,40,11.2,2.44,0.5,0.83,103,36,9,21.6,1.96
50.35049676,8.309271071,28,40,11.2,2.44,0.5,1,102,36,9,20,1.69
50.35049676,8.309271071,28,40,11.2,2.44,0.5,1.11,102,36,9,18.5,1.53
50.35049676,8.309271071,90,40,13,2.68,0.5,0.83,89,36,9,32.8,2.2
50.35049676,8.309271071,90,40,13,2.68,0.5,1,88,36,9,28,2.12
50.35049676,8.309271071,90,40,13,2.68,0.5,1.11,88,36,9,25.5,2.1
50.35049676,8.309271071,90,40,11.2,2.44,0.5,0.83,103,36,9,29.8,2.52
50.35049676,8.309271071,90,40,11.2,2.44,0.5,1,102,36,9,27.8,2.18
50.35049676,8.309271071,90,40,11.2,2.44,0.5,1.11,102,36,9,26.9,1.95
50.35049676,8.309271071,28,80,10.8,2.42,0.45,0.64,98,30,33,28.8,1.71
50.35049676,8.309271071,28,80,12.4,2.57,0.45,0.64,95,31,40,30.6,1.99
50.35049676,8.309271071,28,120,10.8,2.42,0.55,0.92,88,27,42,14.7,1.1
50.35049676,8.309271071,28,120,12.4,2.57,0.55,0.92,85,28,45,20.2,1.43
50.35049676,8.309271071,90,80,10.8,2.42,0.45,0.64,98,30,33,41.3,2.33
50.35049676,8.309271071,90,80,12.4,2.57,0.45,0.64,95,31,40,44,3
50.35049676,8.309271071,90,120,10.8,2.42,0.55,0.92,88,27,42,24.8,1.8
50.35049676,8.309271071,90,120,12.4,2.57,0.55,0.92,85,28,45,30.9,2.26
62.4,8.4,7,40,11.9,2.86,0.5,0.83,87,36.30361842,9,15.5,0.79
62.4,8.4,7,40,11.9,2.86,0.5,1,87,36.30361842,9,11.9,0.72
62.4,8.4,7,40,11.9,2.86,0.5,1.11,87,36.30361842,9,9.3,0.61
62.4,8.4,7,40,11.9,2.86,0.5,1.11,87,36.30361842,9,7.5,0.6
62.4,8.4,7,40,11.9,2.86,0.5,1.25,87,36.30361842,9,7.8,0.47
62.4,8.4,7,40,11.9,2.86,0.5,1.43,87,36.30361842,9,5.8,0.46
62.4,8.4,7,40,6.1,2.92,0.5,0.83,101,36.30361842,9,11.6,0.9
62.4,8.4,7,40,6.1,2.92,0.5,1,101,36.30361842,9,9.2,0.72
62.4,8.4,7,40,6.1,2.92,0.5,1.11,101,36.30361842,9,7.8,0.65
62.4,8.4,7,60,11.9,2.86,0.5,0.83,74,36.30361842,9,14,1.18
62.4,8.4,7,60,11.9,2.86,0.5,1,74,36.30361842,9,12.5,0.84
62.4,8.4,7,60,11.9,2.86,0.5,1.11,74,36.30361842,9,9.2,0.62
62.4,8.4,7,60,11.9,2.86,0.5,1.25,74,36.30361842,9,8.3,0.57
62.4,8.4,7,60,11.9,2.86,0.5,1.43,74,36.30361842,9,6.9,0.56
62.4,8.4,7,80,11.9,2.86,0.5,0.83,70,36.30361842,9,15.2,0.96
62.4,8.4,7,80,11.9,2.86,0.5,1,70,36.30361842,9,12.9,0.86
62.4,8.4,7,80,11.9,2.86,0.5,1.11,70,36.30361842,9,10.3,0.65
62.4,8.4,7,80,11.9,2.86,0.5,1.11,70,36.30361842,9,9,0.64
62.4,8.4,7,80,11.9,2.86,0.5,1.25,70,36.30361842,9,7.4,0.52
62.4,8.4,7,80,11.9,2.86,0.5,1.43,70,36.30361842,9,4.8,0.35
62.4,8.4,7,80,6.1,2.92,0.5,0.83,81,36.30361842,9,12.4,0.96
62.4,8.4,7,80,6.1,2.92,0.5,1,81,36.30361842,9,9.2,0.72
62.4,8.4,7,80,6.1,2.92,0.5,1.11,81,36.30361842,9,6.8,0.55
62.4,8.4,7,80,6.1,2.92,0.5,1.25,81,36.30361842,9,6.5,0.54
62.4,8.4,7,80,6.1,2.92,0.5,1.43,81,36.30361842,9,6.8,0.54
62.4,8.4,28,40,11.9,2.86,0.5,0.83,87,36.30361842,9,23.6,2.04
62.4,8.4,28,40,11.9,2.86,0.5,1,87,36.30361842,9,21.5,1.8
62.4,8.4,28,40,11.9,2.86,0.5,1.11,87,36.30361842,9,19.9,1.62
62.4,8.4,28,40,11.9,2.86,0.5,1.11,87,36.30361842,9,13.2,1.13
62.4,8.4,28,40,11.9,2.86,0.5,1.25,87,36.30361842,9,15.9,1.4
62.4,8.4,28,40,11.9,2.86,0.5,1.43,87,36.30361842,9,11.3,1.08
62.4,8.4,28,40,6.1,2.92,0.5,0.83,101,36.30361842,9,21.6,1.96
62.4,8.4,28,40,6.1,2.92,0.5,1,101,36.30361842,9,20,1.69
62.4,8.4,28,40,6.1,2.92,0.5,1.11,101,36.30361842,9,18.5,1.53
62.4,8.4,28,60,11.9,2.86,0.5,0.83,74,36.30361842,9,24.5,2.18
62.4,8.4,28,60,11.9,2.86,0.5,1,74,36.30361842,9,21.4,1.63
62.4,8.4,28,60,11.9,2.86,0.5,1.11,74,36.30361842,9,19.6,1.26
62.4,8.4,28,60,11.9,2.86,0.5,1.25,74,36.30361842,9,16.9,1.09
62.4,8.4,28,60,11.9,2.86,0.5,1.43,74,36.30361842,9,13.2,1.02
62.4,8.4,28,80,11.9,2.86,0.5,0.83,70,36.30361842,9,24.1,2.1
62.4,8.4,28,80,11.9,2.86,0.5,1,70,36.30361842,9,21.5,1.8
62.4,8.4,28,80,11.9,2.86,0.5,1.11,70,36.30361842,9,20.1,1.6
62.4,8.4,28,80,11.9,2.86,0.5,1.11,70,36.30361842,9,16.2,1.46
62.4,8.4,28,80,11.9,2.86,0.5,1.25,70,36.30361842,9,14.9,1.45
62.4,8.4,28,80,11.9,2.86,0.5,1.43,70,36.30361842,9,10.1,1.08
62.4,8.4,28,80,6.1,2.92,0.5,0.83,81,36.30361842,9,21.8,1.92
62.4,8.4,28,80,6.1,2.92,0.5,1,81,36.30361842,9,18.9,1.42
62.4,8.4,28,80,6.1,2.92,0.5,1.11,81,36.30361842,9,14,1.06
62.4,8.4,28,80,6.1,2.92,0.5,1.25,81,36.30361842,9,13.5,1.11
62.4,8.4,28,80,6.1,2.92,0.5,1.43,81,36.30361842,9,12.9,1.16
62.4,8.4,90,40,11.9,2.86,0.5,0.83,87,36.30361842,9,32.8,2.2
62.4,8.4,90,40,11.9,2.86,0.5,1,87,36.30361842,9,28,2.12
62.4,8.4,90,40,11.9,2.86,0.5,1.11,87,36.30361842,9,25.5,2.1
62.4,8.4,90,40,11.9,2.86,0.5,1.11,87,36.30361842,9,24.4,2.09
62.4,8.4,90,40,11.9,2.86,0.5,1.25,87,36.30361842,9,22.9,2.05
62.4,8.4,90,40,11.9,2.86,0.5,1.43,87,36.30361842,9,20.8,1.99
62.4,8.4,90,40,6.1,2.92,0.5,0.83,101,36.30361842,9,29.8,2.52
62.4,8.4,90,40,6.1,2.92,0.5,1,101,36.30361842,9,27.8,2.18
62.4,8.4,90,40,6.1,2.92,0.5,1.11,101,36.30361842,9,26.9,1.95
62.4,8.4,90,60,11.9,2.86,0.5,0.83,74,36.30361842,9,34.6,2.88
62.4,8.4,90,60,11.9,2.86,0.5,1,74,36.30361842,9,27.9,2.29
62.4,8.4,90,60,11.9,2.86,0.5,1.11,74,36.30361842,9,24.3,2.08
62.4,8.4,90,60,11.9,2.86,0.5,1.25,74,36.30361842,9,23.5,1.93
62.4,8.4,90,60,11.9,2.86,0.5,1.43,74,36.30361842,9,22.5,1.8
62.4,8.4,90,80,11.9,2.86,0.5,0.83,70,36.30361842,9,33.4,2.45
62.4,8.4,90,80,11.9,2.86,0.5,1,70,36.30361842,9,30.1,2.2
62.4,8.4,90,80,11.9,2.86,0.5,1.11,70,36.30361842,9,29.1,2.13
62.4,8.4,90,80,11.9,2.86,0.5,1.11,70,36.30361842,9,21.5,1.9
62.4,8.4,90,80,11.9,2.86,0.5,1.25,70,36.30361842,9,20.2,2.05
62.4,8.4,90,80,11.9,2.86,0.5,1.43,70,36.30361842,9,17.5,1.87
62.4,8.4,90,80,6.1,2.92,0.5,0.83,81,36.30361842,9,30.2,2.49
62.4,8.4,90,80,6.1,2.92,0.5,1,81,36.30361842,9,28.2,2.21
62.4,8.4,90,80,6.1,2.92,0.5,1.11,81,36.30361842,9,27.7,2.1
62.4,8.4,90,80,6.1,2.92,0.5,1.25,81,36.30361842,9,27,2.01
62.4,8.4,90,80,6.1,2.92,0.5,1.43,81,36.30361842,9,26.5,2
50.35049676,8.309271071,7,80,6,2.68,0.5,0.67,104,30,50,15.2,1.44
50.35049676,8.309271071,7,80,9,2.68,0.5,0.67,112,30,48,15.2,1.56
50.35049676,8.309271071,7,80,12,2.68,0.5,0.67,114,30,50,16.4,1.59
50.35049676,8.309271071,7,80,15,2.68,0.5,0.67,115,30,40,18.5,1.5
50.35049676,8.309271071,7,80,18,2.68,0.5,0.67,117,30,44,16.2,1.62
50.35049676,8.309271071,7,80,15,2.68,0.5,0.67,110,30,36,18.2,1.7
50.35049676,8.309271071,7,80,15,2.68,0.5,0.67,108,30,49,15.8,1.58
50.35049676,8.309271071,7,80,9,2.68,0.5,0.593051136,111,30,41,16.6,1.54
50.35049676,8.309271071,7,80,6,2.68,0.5,0.593051136,112,30,50,17.2,1.58
50.35049676,8.309271071,28,80,6,2.68,0.5,0.67,104,30,50,22.6,2.49
50.35049676,8.309271071,28,80,9,2.68,0.5,0.67,112,30,48,26.2,2.33
50.35049676,8.309271071,28,80,12,2.68,0.5,0.67,114,30,50,24.2,2.36
50.35049676,8.309271071,28,80,15,2.68,0.5,0.67,115,30,40,27.3,2.75
50.35049676,8.309271071,28,80,18,2.68,0.5,0.67,117,30,44,26.7,2.76
50.35049676,8.309271071,28,80,15,2.68,0.5,0.67,110,30,36,26.5,2.48
50.35049676,8.309271071,28,80,15,2.68,0.5,0.67,108,30,49,23.1,2.27
50.35049676,8.309271071,28,80,9,2.68,0.5,0.593051136,111,30,41,28.2,2.97
50.35049676,8.309271071,28,80,6,2.68,0.5,0.593051136,112,30,50,30.2,2.9
50.35049676,8.309271071,90,80,6,2.68,0.5,0.67,104,30,50,29.9,3.54
50.35049676,8.309271071,90,80,9,2.68,0.5,0.67,112,30,48,32,3.42
50.35049676,8.309271071,90,80,12,2.68,0.5,0.67,114,30,50,33,3.18
50.35049676,8.309271071,90,80,15,2.68,0.5,0.67,115,30,40,37.9,3.15
50.35049676,8.309271071,90,80,18,2.68,0.5,0.67,117,30,44,37.1,3.21
50.35049676,8.309271071,90,80,15,2.68,0.5,0.67,110,30,36,34.8,3.18
50.35049676,8.309271071,90,80,15,2.68,0.5,0.67,108,30,49,34.2,2.69
50.35049676,8.309271071,90,80,9,2.68,0.5,0.593051136,111,30,41,32.6,3.14
50.35049676,8.309271071,90,80,6,2.68,0.5,0.593051136,112,30,50,39.6,3.11
52.9,8.4,7,80,15,2.8,0.5,0.67,104,30,44,20.4,1.61
52.9,8.4,7,80,15,2.8,0.5,0.67,108,30,49,19.9,1.57
52.9,8.4,7,80,15,2.8,0.5,0.67,110,30,36,19.2,1.53
52.9,8.4,7,80,15,2.8,0.5,0.67,114,30,45,18.4,1.5
52.9,8.4,7,80,15,2.8,0.5,0.67,115,30,40,18.4,1.5
52.9,8.4,28,80,15,2.8,0.5,0.67,104,30,44,29.7,3.04
52.9,8.4,28,80,15,2.8,0.5,0.67,108,30,49,29.7,3.02
52.9,8.4,28,80,15,2.8,0.5,0.67,110,30,36,28.5,2.91
52.9,8.4,28,80,15,2.8,0.5,0.67,114,30,45,27.4,2.84
52.9,8.4,28,80,15,2.8,0.5,0.67,115,30,40,27.1,2.75
52.9,8.4,90,80,15,2.8,0.5,0.67,104,30,44,40.9,3.43
52.9,8.4,90,80,15,2.8,0.5,0.67,108,30,49,40.2,3.37
52.9,8.4,90,80,15,2.8,0.5,0.67,110,30,36,39.4,3.26
52.9,8.4,90,80,15,2.8,0.5,0.67,114,30,45,38.3,3.19
52.9,8.4,90,80,15,2.8,0.5,0.67,115,30,40,37.5,3.15
39.42,8.309271071,7,12,19.2,2.933439065,0.37,0.65,178.75,53,80.26760563,26.56,1.92
39.42,8.309271071,28,12,19.2,2.933439065,0.37,0.65,178.75,53,80.26760563,33.12,2.34
39.42,8.309271071,90,12,19.2,2.933439065,0.37,0.65,178.75,53,80.26760563,39.94,3.32
39.42,8.309271071,7,12,19.2,2.933439065,0.34,0.55,178.75,53,80.26760563,32.17,2.67
39.42,8.309271071,28,12,19.2,2.933439065,0.34,0.55,178.75,53,80.26760563,40.49,3.03
39.42,8.309271071,90,12,19.2,2.933439065,0.34,0.55,178.75,53,80.26760563,49.7,3.68
48.07,8.309271071,7,12,19.2,2.933439065,0.34,0.55,178.75,53,80.26760563,43.15,2.9
48.07,8.309271071,28,12,19.2,2.933439065,0.34,0.55,178.75,53,80.26760563,49.26,3.12
48.07,8.309271071,90,12,19.2,2.933439065,0.34,0.55,178.75,53,80.26760563,63.7,4.1
48.07,8.309271071,7,12,19.2,2.933439065,0.31,0.45,180,53,80.26760563,55.85,3.85
48.07,8.309271071,28,12,19.2,2.933439065,0.31,0.45,180,53,80.26760563,63.72,3.86
48.07,8.309271071,90,12,19.2,2.933439065,0.31,0.45,180,53,80.26760563,79.17,4.19
39.42,8.309271071,7,12,19.2,2.933439065,0.4,0.65,178.75,54,145,28,2.22
39.42,8.309271071,28,12,19.2,2.933439065,0.4,0.65,178.75,54,145,35.47,3.34
39.42,8.309271071,90,12,19.2,2.933439065,0.4,0.65,178.75,54,145,44.25,3.47
39.42,8.309271071,7,12,19.2,2.933439065,0.36,0.55,178.75,54,135,33.42,2.31
39.42,8.309271071,28,12,19.2,2.933439065,0.36,0.55,178.75,54,135,41.43,3.52
39.42,8.309271071,90,12,19.2,2.933439065,0.36,0.55,178.75,54,135,52.35,3.98
48.07,8.309271071,7,12,19.2,2.933439065,0.36,0.55,178.75,54,140,42.97,3.61
48.07,8.309271071,28,12,19.2,2.933439065,0.36,0.55,178.75,54,140,46.85,4.25
48.07,8.309271071,90,12,19.2,2.933439065,0.36,0.55,178.75,54,140,60.65,4.59
48.07,8.309271071,7,12,19.2,2.933439065,0.32,0.45,180,54,140,47.71,3.75
48.07,8.309271071,28,12,19.2,2.933439065,0.32,0.45,180,54,140,65.37,4.69
48.07,8.309271071,90,12,19.2,2.933439065,0.32,0.45,180,54,140,73.7,4.76
